{"1": 15.056417, "2": 9.494649, "3": 12.261043, "4": 9.308889, "5": 5.59415, "6": 7.474512, "7": 8.046213, "8": 7.312562, "9": 5.942993, "10": 7.788345, "11": 9.065079, "12": 12.661587}